Scene ID,Broader Region,Hierarchical Name,Justification,Supporting Quote,Doubts,Latitude,Longitude
Ch10_Headquarters_Village,Ankara: Polatlı,Ankara: Polatlı: Alagöz (Karargâh Köyü),"The text describes the narrator departing from Ankara Station by train and arriving at the Garp Cephesi (Western Front) and Başkumandanlık headquarters during the Battle of Sakarya ('İşte Sakarya'yı idare eden ilk tarihî nokta'). Historically, this headquarters was located in Alagöz Village (a small settlement/farmhouse) in the Polatlı district of Ankara. The text also mentions nearby battlefront locations such as Haymana, İnler, and Katrancı.","Nihayet birkaç sırt vadi dolaştıktan sonra yumuşak inhinalarla yükselen yamaçlar ortasında bir köycüğe geldik. Bunun sadece bir çiftlik olduğunu, beş altı evden ibaret bulunduğunu söylediler.","The name of the village (Alagöz) and the district (Polatlı) are not explicitly named in the text, but they are historically and geographically identical to the described Garp Cephesi headquarters during the Sakarya Campaign.",39.58567,32.1417303
Ch10_Ihsans_Tent,Ankara: Polatlı,Ankara: Polatlı: Alagöz Karargâhı: İhsan'ın Çadırı,"The narrator travels from Ankara train station to the Garp Cephesi (Western Front) headquarters, described as a small farm with 5-6 houses where the Commander-in-Chief resides during the Battle of Sakarya ('Sakarya'yı idare eden ilk tarihî nokta'). Surrounding villages and districts such as Haymana, İnler, Katrancı, Çambaklı, and Toydemir are mentioned, which are located in the Polatlı/Haymana region of Ankara. Historically, this site refers to the Alagöz Headquarters (Alagöz Karargâhı) in Polatlı.","Ankara İstasyonu'ndan gece dokuzda hareket ettim... Bunun sadece bir çiftlik olduğunu, beş altı evden ibaret bulunduğunu söylediler... İşte Sakarya'yı idare eden ilk tarihî nokta.","The text does not explicitly mention the names 'Alagöz' or 'Polatlı', though 'Haymana' is mentioned as one of the nearby fronts. The identification of the Polatlı district is based on historical geography of the Sakarya battle headquarters.",39.58567,32.1417303
Ch10_Train_Compartment,Ankara: Polatlı,Ankara: Polatlı: Tren Kompartımanı,"The narrator departs from Ankara Station by train and heads to the Sakarya front line. The second headquarters is established inside train cars ('vagonlar'). The chapter mentions key strategic locations of the Battle of Sakarya such as Haymana, Toydemir, İnler, and Katrancı, placing the setting in the Polatlı-Haymana region of Ankara, where the mobile train headquarters of the Western Front was historically located.",Ankara İstasyonu'ndan gece dokuzda hareket ettim. [...] Gece ikinci karargâhımız olan vagonlara yerleştiğimiz zaman Zihni Efendi ile yalnız kalmak için yanıyordum.,"The novel does not explicitly name 'Polatlı' as the specific station where the train-car headquarters is located, but the reference to the surrounding Sakarya battlegrounds (like Toydemir, Katrancı, Haymana) and the historical context of the Garp Cephesi Karargâhı clearly points to Polatlı, Ankara.",39.58567,32.1417303
Ch11_Gokcepinar,Ankara: Polatlı,Ankara: Polatlı: Gökçepınar,"The text mentions that after the Battle of Eskişehir, the army took positions east of the Sakarya River ('Sakarya'nın şarkında mevzi aldı') and Haşmet Bey's division was located in Gökçepınar. Historically, Gökçepınar is a village in the Polatlı district of Ankara, which served as a crucial front during the Battle of Sakarya.","Nihayet öğrendim. Gelmişti, fakat seyyar kolordu karargâhından hayli uzaktı. Haşmet Bey fırkasının yanında Gökçepınar'da bulunuyordu.","Although Gökçepınar is explicitly named, its administrative association with the Polatlı district of Ankara is not explicitly spelled out in the same sentence, though it is clearly implied by the context of the Sakarya campaign and mentions of nearby Haymana.",39.58567,32.1417303
Ch11_Haymana,Ankara: Haymana,Ankara: Haymana: Haymana Camii,"The text explicitly places the scene in Haymana, describing it as a massive casualty clearing station during the war. It details İhsan entering the Haymana Mosque (Haymana Camii), which is being used as a hospital, and finding Ayşe there tirelessly treating wounded soldiers.","Harbin en sıkışmış dakikalarında bir akşam kumandanla Haymana'ya gittik. Haymana, muazzam bir hastahane hâlini almıştı. [...] Nihayet Haymana Camii'nin önüne geldim. Orası da bir nevi ""sevk-i mecrûhîn hastahanesi"" hâline gelmiş.","None. Haymana is a well-known district of Ankara, and both the district name and the specific mosque (Haymana Camii) are explicitly stated in the text.",39.4341352,32.4987922
Ch11_Ihsans_Tent,Ankara: Polatlı,Ankara: Polatlı: Alagöz (Tatar Köyü): İhsan'ın Odası,"The scene is set in a village described as a 'Tatar village' (Tatar köyü) where the army corps headquarters (Kolordu Karargâhı) is located during the Sakarya campaign. Based on the surrounding geographical references (Sincan, Mallı/Malıköy, Polatlı, Haymana) and the historical context of the Battle of Sakarya, this corresponds to Alagöz village in Polatlı, Ankara, which served as a military headquarters and is historically a Tatar village.",Sağda köy evleri ile muhât müstakil bir meydana girdim. Burası bir Tatar köyü idi.,"The chapter does not explicitly name the 'Tatar village' (it only refers to it as 'Burası bir Tatar köyü idi'), but geographical coordinates of the Sakarya campaign and references to Polatlı, Mallı, and Haymana strongly imply it is Alagöz in Polatlı, Ankara.",39.58567,32.1417303
Ch11_Ihsans_Village_Room,Not Found,Not Found: İhsan'ın Köydeki Odası,"The scene takes place in İhsan's room in a unnamed Tatar village which serves as the headquarters of a corps under the Western Front during the Turkish War of Independence. Although several locations like Ankara, Polatlı, Haymana, and Eskişehir are mentioned in İhsan's flashback narrative, the current geographical location of this specific Tatar village is not explicitly named.",Burası bir Tatar köyü idi. [...] İhsan'ı küçük köy odasında bir tahta masaya eğilmiş buldum.,"The chapter places the current scene in a 'Tatar village' where the corps headquarters is based during the campaign following the Battle of Sakarya, suggesting it is located somewhere in the Ankara, Polatlı, or Eskişehir region, but the text never explicitly names the province or district.",,
Ch11_Madam_Tadias_Hotel,Eskişehir,Eskişehir: Merkez: Madam Tadia'nın Oteli,"The scene takes place in Madam Tadia's Hotel (Madam Tadia'nın Oteli). In the text, İhsan is wounded at Metris Tepe (İnönü) and brought to a hospital nearby. Due to lack of space, he is transferred to Madam Tadia's Hotel. Historically, Madam Tadia's Hotel was a highly famous establishment located near the train station in Eskişehir. This is reinforced later in the chapter when Cemal mentions visiting Eskişehir and notes that Haşmet Bey was treated in the very same room at Madam Tadia's Hotel where İhsan had stayed.",Beni hastahanede yer olmadığı için Madam Tadia' nın otelindeki küçük odaya naklettiler.,"The text does not explicitly write 'Eskişehir' in the very same sentence as 'Madam Tadia'nın oteli', but the geographic context of Metris Tepe, Geyve, and Cemal's subsequent references to Eskişehir and the hotel make the location historically and contextually certain.",39.7743941,30.519116
Ch11_Mobile_Hospital,Ankara: Polatlı,Ankara: Polatlı: Seyyar Hastane (Ayşe'nin Çadırı),The scene takes place at a mobile hospital stationed near the army corps headquarters in a Tatar village during the Sakarya campaign and the Greek retreat. This frontline region east of the Sakarya River historically and contextually locates the headquarters and its mobile hospitals within the Polatlı district of Ankara (near strategic points like Malıköy/Mallı and Polatlı mentioned in the chapter).,"O akşam kolordu karargâhı buraya yerleşmiş ve seyyar da yerine kurulmuştu. Gece yarısına kadar bir deli gibi çalıştıktan sonra saat birde ata atlamış, seyyarı teftişe gitmiştim.","The text does not explicitly name the specific Tatar village where the headquarters and the mobile hospital are currently set up, referring to it only as 'bir Tatar köyü' (a Tatar village) and 'buraya' (here), though the surrounding geography strongly points to the Polatlı district in Ankara province.",39.58567,32.1417303
Ch11_Mountain_Path,Ankara: Polatlı,Ankara: Polatlı: Dağ Yolu,"The scene takes place at a Tatar village where the army corps headquarters (kolordu karargâhı) is established during the Sakarya campaign, right as the Greek retreat ('Yunanlıların ricati') begins. Geographically, this campaign occurred east of the Sakarya River in the Ankara province. Historically, the Western Front and army headquarters were located in Alagöz, a well-known Crimean Tatar village in the Polatlı district of Ankara. The text also mentions nearby regional landmarks like Sincan, Polatlı, and Haymana.","Burası bir Tatar köyü idi. Önlerindeki uzun teraslara kapalı pencerelerden tek tük ışıklar vuruyordu... Yemekten evvel seninle şu dağa doğru gidelim, Peyami.","The text does not explicitly name the Tatar village where the headquarters is currently located. However, the context of the Sakarya Battle, the Greek retreat, and references to nearby Polatlı, Haymana, and Sincan heavily imply the Polatlı district of Ankara (specifically Alagöz village, which served as the headquarters during this historical event).",39.58567,32.1417303
Ch11_Observation_Trench,Ankara: Polatlı,Ankara: Polatlı: Tepe Üstündeki Gözetleme Siperi,"The scene is set at an observation trench on a hill overlooking a 'Tatar village' (Tatar köyü) where the Turkish corps headquarters is stationed. Following the timeline of the Greco-Turkish War (post-Sakarya Campaign) and mentions of nearby Polatlı, Haymana, and Sincan, this region is geographically situated in the Polatlı district of Ankara province.","Burası bir Tatar köyü idi. [...] Köyün üstündeki dağ kocaman kara bir yığıntı hâlinde minimini beyaz evlerin üstüne abanmış görünüyor. [...] Zaten yukarıya, tarassuda kadar gitmek lâzım, yolda konuşuruz.","The text only refers to the setting as 'a Tatar village' (Tatar köyü) and does not explicitly name the province or district where this specific headquarters and observation trench are located, though the surrounding military campaign context (post-Sakarya battle, near Polatlı) points to the Ankara-Polatlı region.",39.58567,32.1417303
Ch11_Train_Compartment,Ankara: Sincan,Ankara: Sincan: Tren Kompartımanı,The narrator departs from Ankara by train at night. The dialogue in the train compartment and the subsequent encounter with Ayşe occur as the train passes Sincan Station and travels towards Mallı and Polatlı within the borders of Ankara province.,Ankara'dan bir gece geç vakit hareket ettim... Sincan İstasyonu'nu geçtikten sonra gençlerden biri oldukça açık bir hikâye nakletmeye başladı. Yanımda ciddî yüzlü bir arkadaş parmağını dudaklarına götürerek sükût işareti yaptıktan sonra yanımızdaki kompartımanı gösterdi...,"The scene takes place on a moving train. Sincan is the first explicitly mentioned station passed after leaving Ankara, but the journey continues through Mallı (Malıköy) and Polatlı before reaching Eskişehir, meaning the scene spans multiple districts of Ankara along the railway line.",39.9645375,32.5839944
Ch11_Village_Entrance,Ankara: Polatlı,Ankara: Polatlı: Tatar Köyü,"The chapter takes place during the Sakarya campaign of the Turkish War of Independence, specifically around November-December 1921 (indicated by '10 Kânûn-ı Evvel'). The text mentions the army positioning itself to the east of the Sakarya River, Gökçepınar (a village in Polatlı), and the district of Haymana. The Army Corps headquarters where Peyami meets İhsan is situated in a Tatar village, which contextually lies in the Polatlı/Haymana plains of Ankara where many Tatar immigrants settled and where the front lines stabilized after the Battle of Sakarya.",Burası bir Tatar köyü idi.,"The text does not explicitly name the specific Tatar village where the scene occurs, only identifying it as 'a Tatar village' in the vicinity of the active Sakarya front (near Gökçepınar and Haymana).",39.58567,32.1417303
Ch11_Village_House_Room,Ankara: Polatlı,Ankara: Polatlı: Köy Evindeki Küçük Oda,"The scene is set in a Tatar village serving as the corps headquarters during the Sakarya campaign of the Turkish War of Independence. While the specific village name is not explicitly stated in this scene, the text frequently mentions surrounding locations such as Polatlı, Haymana, Gökçepınar, and Malıköy ('Mallı'), placing the setting firmly within the Polatlı district of Ankara province, which historically contains several Tatar villages.",Burası bir Tatar köyü idi. Önlerindeki uzun teraslara kapalı pencerelerden tek tük ışıklar vuruyordu... İhsan'ı küçük köy odasında bir tahta masaya eğilmiş buldum.,"The text refers to the location only as 'a Tatar village' (bir Tatar köyü) without explicitly naming the exact village, but the surrounding geographical context of the Sakarya battlefront strongly points to the rural districts of Ankara, specifically Polatlı.",39.58567,32.1417303
Ch12_General_Hospital,Ankara: Cebeci,Ankara: Cebeci: Cebeci Hastahanesi,"The scene takes place in a hospital where the main character, Peyami, lies paralyzed and is awaiting brain surgery. In the context of Halide Edib Adıvar's novel 'Ateşten Gömlek', these diary entries are written in the Cebeci Hospital in Ankara.","Karadağ'ın içimizden, içimizin ateşinden geçen sert rüzgârı bugün hastahanede esiyor.",The text of this specific chapter mentions 'hastahane' (hospital) but does not explicitly name 'Ankara' or 'Cebeci' as the location of the hospital. This location is inferred from the overarching frame narrative of the novel.,39.9327342,32.8746726
Ch12_Karadag,Ankara: Polatlı,Ankara: Polatlı: Karadağ,"The chapter explicitly places the action during the Battle of Sakarya near Polatlı. It mentions specific locations such as Kartaltepe, Polatlı, and Karadağ, which is a strategic hill located in the Polatlı district of Ankara.","Önümüzdeki hattın sonu Polatlı'nın önündeki küçük menfeze varıyor. Sağı Kartaltepe sırtları, solu Polatlı tepeleri. Menfezin sağındaki küçük tarlayı top ateşi pamuk atar gibi atıyor... Gözlerimiz Polatlı'nın arkasından başı siyah bir ehram gibi yükselen Karadağ'ın tepesinde, oraya gideceğiz ve onu zaptedeceğiz.","None. The geographical landmarks (Polatlı, Kartaltepe, and Karadağ) clearly identify the location in the Polatlı district of Ankara.",39.58567,32.1417303
Ch12_Mobile_Hospital,Ankara: Polatlı,Ankara: Polatlı: Seyyar Hastane (Ayşe'nin Çadırı),"The chapter depicts the Battle of Sakarya, referencing landmarks like Kartaltepe, Karadağ, Polatlı, and Basri Köyü, all of which are historically and geographically located in the Polatlı district of Ankara. The mobile hospital ('seyyar') is situated in a valley right behind these active front-line ridges.","Önümüzdeki hattın sonu Polatlı'nın önündeki küçük menfeze varıyor. Sağı Kartaltepe sırtları, solu Polatlı tepeleri.","While the precise coordinate or local name of the valley where the mobile hospital tent was pitched is not explicitly specified, the narrative places it directly within the combat zone of Polatlı and Karadağ.",39.58567,32.1417303
Ch12_Regiment_Dressing_Station,Ankara: Polatlı,Ankara: Polatlı: Karadağ: Alay Sargı Mahalli,"The scene is set at the Regiment Dressing Station ('Alay sargı mahalli'), which is established in a natural pit on the way to assault Karadağ. The narrative repeatedly references Polatlı and Kartaltepe, identifying Karadağ as rising behind Polatlı. Polatlı is a historically significant district of Ankara during the Sakarya Campaign.",Önümüzde sırtın hattı bâlâsına yetişen bir yerde tabiî ve siyah kocaman bir çukur var. Ateşten nispeten masun görünüyor. Alay sargı mahalli orası. Alay kumandanı orada mevki aldı ve hakikî dağ hücumu oradan başladı.,"The text explicitly names the district 'Polatlı' and the local landmark 'Karadağ' but does not explicitly mention the province 'Ankara' itself, though it is geographically implied.",39.58567,32.1417303
Ch12_Village_Cemetery,Ankara: Polatlı,Ankara: Polatlı: Basri Köyü Mezarlığı,"The scene describes the burial of Ayşe and İhsan in a village cemetery following the Battle of Karadağ (located in Polatlı). Immediately after the burial, the narrator mentions being in a village room in Basri Köyü (Basri Village, Polatlı, Ankara) one hour later, indicating the cemetery is in or directly adjacent to Basri Köyü in the Polatlı district of Ankara.","Sabahleyin iki arabada, iki al bayrak örtülü tabut öteki şehitler arasında köyün küçük mezarlığına girdi... Bir saat sonra Basri Köyü'nde, bir köy odasında Haşmet Bey'le Cemal arasında oturuyordum.","The text states they were in Basri Köyü one hour after the burial, leaving a slight ambiguity as to whether the cemetery is directly inside Basri Köyü or a neighboring village within the same district of Polatlı, Ankara.",39.58567,32.1417303
Ch13_Cebeci_Hospital,Ankara: Cebeci,Ankara: Cebeci: Cebeci Hastahanesi,"The scene is set as two doctors walk down the road of Cebeci Hospital. The chapter explicitly concludes with 'Ankara', confirming the setting is the historic Cebeci neighborhood in Ankara.",Cebeci Hastahanesi'nin yolundan inerken iki doktor konuşuyorlardı:,None.,39.9327342,32.8746726
Ch1_Besiktas_Coast,İstanbul: Beşiktaş,İstanbul: Beşiktaş: Beşiktaş Sarayı Önü,"The narrator describes walking down from Bâb-ı Âli with Cemal and İhsan, stopping on the shoreline in front of the Beşiktaş Palace (Beşiktaş Sarayı) to watch Allied warships sail through the Bosphorus. There, they encounter an Anatolian soldier wearing a war medal.","Mütarekeden birkaç gün sonra üçümüz Bâb-ı Âli'den beraber indik... tam Beşiktaş Sarayı'nın önünde; mavi denizin üstünden azametli, kocaman demir zırhlıların geçtiğini gördük.","None. The text explicitly mentions 'Beşiktaş Sarayı' (Beşiktaş Palace) and the shoreline of the Bosphorus (Boğaziçi suları), which directly points to the Beşiktaş district in İstanbul.",41.0428465,29.0075283
Ch1_Cebeci_Hospital,Ankara: Cebeci,Ankara: Cebeci: Cebeci Hastanesi,The narrator explicitly states that he is writing and looking out from a small room in the Ankara Cebeci Hospital.,Şimdi Ankara Cebeci Hastahanesi'nin küçük bir odasından dışarıya bakıyorum.,None. The location is explicitly and clearly defined in the text.,39.9327342,32.8746726
Ch1_Mercan,İstanbul: Fatih,İstanbul: Fatih: Mercan,"The scene takes place as the characters descend the Mercan slope (Mercan Yokuşu) from the Ministry of War (Harbiyye Nezâreti, located in Beyazıt) in Istanbul. The British plane bombardment occurs during their walk down this slope.","Haydi Mercan'dan inelim Peyami, dedi. [...] ...acele etmeden açık adımlarla Mercan'a doğru inmeye başladık...","None. Mercan is a well-known historical neighborhood in the Fatih (formerly Eminönü) district of Istanbul, İstanbul.",41.0142,28.9664
Ch1_Peyamis_House_Sisli,İstanbul: Şişli,İstanbul: Şişli: Peyami's House,"The chapter clearly indicates that Peyami's mother's house and its salon, where the initial family gathering and subsequent political propaganda meetings take place, are located in the Şişli district of İstanbul.",Şişli'de bu propagandaları yapan salonların başında annemin salonu vardı.,"None. The text explicitly identifies the location of the salon as Şişli, İstanbul.",41.0637891,28.9831642
Ch2_Peyamis_House_Sisli,İstanbul: Şişli,İstanbul: Şişli: Peyami'nin Evi,"The text explicitly states that the characters return to Şişli ('Şişli'ye geldik') after attending the Sultanahmed protest, and the narrative continues in the family home where they host Salime Hanım, Mister Cook, and the officers. Additionally, Salime Hanım is mentioned as valuing Peyami's mother due to her social standing in the salons of Şişli.",Kendi memleketimizde imişiz hulyasını bir an için rüya gibi hissederek Şişli'ye geldik.,None. The geographical district (Şişli) of the home is clearly defined in both the transition of the text and the character social context.,41.0637891,28.9831642
Ch2_Sultanahmet_Ayasofya,İstanbul: Fatih,İstanbul: Fatih: Sultanahmet: German Fountain,The scene describes the characters getting off the tram at Ayasofya (Hagia Sophia) and pushing through a crowd to reach the German Fountain (Almanya İmparatoru'nun Çeşmesi) in Sultanahmet Square for the historic Sultanahmet Rally. These iconic landmarks are located in the Sultanahmet neighborhood of the Fatih district in İstanbul.,"Ayasofya'da tramvaydan inince Ayşe'nin iki tarafından kalabalığı yarmaya, insan kesafetini delmeye çok çalıştık. [...] Biz büyük bir gayretle kalabalığı yardık. Almanya İmparatoru'nun Çeşmesi'nin basamaklarına çıkmak, oradan nutukları dinlemek istiyorduk.","None. The landmarks described in the text (Ayasofya, Sultanahmet, German Fountain) are extremely well-known, unambiguous historical locations in Istanbul.",41.0082,28.9784
Ch3_Ayses_House_Gedikpasa,İstanbul: Gedikpaşa,İstanbul: Gedikpaşa: Ayşe'nin Evi,"The chapter explicitly states that Ayşe moves to a two-room house in Gedikpaşa, a well-known historic neighborhood in Istanbul, and the narrator (Peyami) regularly visits her there.",Ayşe Gedikpaşa'da iki odalı ayrı bir eve taşındı,None. The location of Gedikpaşa in Istanbul is explicitly named and central to the setting of this scene.,41.0067552,28.9656936
Ch3_Peyamis_House_Sisli,İstanbul: Şişli,İstanbul: Şişli: Peyami'nin Evi,"The scene takes place in the family home of Peyami before Ayşe moves to Gedikpaşa. The text mentions his mother's concern about losing her social status in Şişli, confirming the house is located in this district of İstanbul.","Hele Şişli hayatında mevkiini kaybetmeye, salonunun bir merkez olmadığını görmeye hiç mütehammil değildi...",None. The district of Şişli in İstanbul is explicitly linked to Peyami's family home and their social life.,41.0637891,28.9831642
Ch4_Peyamis_House_Sisli,İstanbul: Şişli,İstanbul: Şişli: Peyami's House,"The scene takes place at Peyami's house where he is bedridden with typhus. Ayşe's letter explicitly mentions that Seyfi is hesitant to come to 'Şişli' to check on him, confirming the house is located in the Şişli district of İstanbul.",Seyfi bugün karşıya geçip tahkik edecek. Fakat Şişli'ye gelmeye cesaret edemiyor.,None. The context and the explicit mention of Şişli in Ayşe's letters confirm the location of Peyami's house.,41.0637891,28.9831642
Ch4_Uskudar,İstanbul: Üsküdar,İstanbul: Üsküdar: Seyfi's House,"The chapter explicitly references Üsküdar, along with specific local landmarks and neighborhoods such as İhsaniye, Doğancılar Square (Doğancılar Meydanı), and the Üsküdar Pier (Üsküdar İskelesi). Ayşe is taken to a yellow wooden house near a cemetery in this district, where she is later found by Peyami.",Doğancılar Meydanı'ndan inerken Mülâzım Seyfi'yi gördüm. ... Mezarlıklara yakın bir yer. Siyah servilerin gölgesinde sarı tahta bir eve girdik.,"The text does not explicitly name the cemetery, but the description of cypresses and its location in Üsküdar strongly points to the famous Karacaahmet Cemetery.",41.0265498,29.0151321
Ch5_Adapazari_Road,Sakarya: Adapazarı,Sakarya: Adapazarı: Adapazarı Yolu,The text details a three-day journey starting from the villages of Kandıra (Kocaeli) towards Adapazarı. The ambush occurs in a valley near a deep stream along this route before they arrive in Adapazarı later that evening. Adapazarı is the central district of modern-day Sakarya Province.,Bundan sonra Adapazarı'na kadar süren üç günlük seyahat en canlı günler oldu... İki tarafı meyilli sırtlarla yükselen bir nevi dere içinden geçiyorduk... Hayli derin bir su geçmek üzere idik... tüfeng tarrâkası duydum.,The exact coordinate or named pass where the ambush occurs is not explicitly named; we only know it lies on the transit route between Kandıra and Adapazarı.,40.7726291,30.4038575
Ch5_Adapazari_Road_Coffeehouse,Sakarya: Adapazarı,Sakarya: Adapazarı: Adapazarı Yolu Üzerindeki Kahvehane,The characters stop at a coffeehouse located one hour away from Adapazarı. Adapazarı is the central district of the modern-day Sakarya province in Turkey.,"Adapazarı'na bir saat kala bir kahveye geldik ve şehre yaya bir arkadaş gönderdik. Burası karanlık, mustatil, küf kokulu, altı toprak bir kahvehane idi.","While the location is clearly on the road to Adapazarı and about an hour's distance away, the exact village or name of the locality where the coffeehouse stood is not explicitly named in the text.",40.7726291,30.4038575
Ch5_Geyve,Sakarya: Geyve,Sakarya: Geyve: İhsan's House,"The text explicitly states that the characters stayed as guests at İhsan's house in Geyve ('Geyve'de Ayşe ile İhsan'ın evine misafir olduk'). Geographically and historically, Geyve is a district of the Sakarya province.","Geyve'de Ayşe ile İhsan'ın evine misafir olduk, burası iki odalı bir köy evi idi.","The province of Sakarya is not explicitly named in the text, as only the district Geyve is mentioned.",40.5090547,30.2902514
Ch5_Sarilar_Village,Sakarya: Geyve,Sakarya: Geyve: Doğançay: Sarılar Village,"The text explicitly mentions 'Sarılar Köyü' (Sarılar Village) as being in 'Doğançay'. Historically and geographically, Doğançay is a village/locality situated within the Geyve district of Sakarya province.","Doğançay'daki Sarılar Köyü'nü düşünüyorum. Yanından berrak sular geçen tozlu yolları, önünde yeşil söğütlerin arkasında hastahane yapılan beyaz sıvalı küçük terasalı evi hatırlıyorum.","None. The geographical identifiers 'Doğançay' and 'Sarılar Köyü' are explicit, and their connection to the Geyve/Adapazarı (Sakarya) region is well-established in the text.",40.5090547,30.2902514
Ch5_Village_Road,Sakarya: Geyve,Sakarya: Geyve: Doğançay: Sarılar Köyü,"The scene takes place as the group departs from the village where they stayed, and where Kezban runs after them. The narrator later explicitly identifies this place as Sarılar Village (Sarılar Köyü) in Doğançay. Doğançay is a neighborhood/village located in the Geyve district of Sakarya province.","Doğançay'daki Sarılar Köyü'nü düşünüyorum. Yanından berrak sular geçen tozlu yolları, önünde yeşil söğütlerin arkasında hastahane yapılan beyaz sıvalı küçük terasalı evi hatırlıyorum.","During the Turkish War of Independence (the setting of the novel), Geyve and Adapazarı were districts/localities of the Kocaeli Sanjak, but in modern administrative geography, Geyve and Doğançay are part of the Sakarya Province.",40.5090547,30.2902514
Ch6_Ikizce,Kocaeli: Kandıra,Kocaeli: Kandıra: İkizce,The characters are on a mission near the Sakarya river and Kandıra area to retrieve hidden ammunition. A local villager informs them that Saffet Bey is hiding in Kaymaz (a village in Kandıra) and they must pass through İkizce to reach him. Both İkizce and Kaymaz are geographically situated in the Kandıra district of Kocaeli province.,"Saffet Bey, Kaymaz'da saklıdır, dedi. İkizce'yi sağ geçerseniz, onu orada bulursunuz. Haydi uğurlar olsun Ağam!","The text mentions Kandıra, Kaymaz, and İkizce, but it does not explicitly name the province 'Kocaeli' as modern administrative boundaries define it. However, historically and geographically, Kandıra is a district of Kocaeli, and Kaymaz and İkizce are well-known localities within this region.",41.0703914,30.1523298
Ch8_General_Tent,Konya,Konya: Unnamed Subdistrict: İhsan's Tent,The narrator states they are in the area to suppress the Konya rebellion ('Konya ihtilâlini bastıranlar arasındayız') and are stationed near a subdistrict center whose name he cannot recall. The scene takes place in İhsan's military tent in this region.,Konya ihtilâlini bastıranlar arasındayız. İhsan kuvvetleriyle ismini hatırlayamadığım bir nahiye merkezine yakınız.,"The exact subdistrict or village name where the tent is pitched is not explicitly provided, as the narrator openly mentions he cannot remember its name ('ismini hatırlayamadığım bir nahiye merkezine yakınız').",37.872734,32.4924376
Ch8_Ihsans_Tent,Konya,Konya: İhsan'ın Çadırı,"The narrator explicitly states that they are among the forces suppressing the Konya rebellion and are stationed near an unnamed subdistrict center in the region, where İhsan's military camp and tent are located.",Konya ihtilâlini bastıranlar arasındayız. İhsan kuvvetleriyle ismini hatırlayamadığım bir nahiye merkezine yakınız.,"The exact name of the subdistrict or village where the tent is pitched is not explicitly named, as the narrator mentions they cannot remember its name.",37.872734,32.4924376
Ch8_Town_Government_House,Konya,Konya: Unnamed Sub-district: Nahiye Hükümet Konağı ve Hapishane,"The narrator states that they are among those suppressing the Konya rebellion and are approaching a sub-district (nahiye) center near Konya, the name of which he cannot remember. The scene takes place in the government house and prison of this unnamed sub-district.",Konya ihtilâlini bastıranlar arasındayız. İhsan kuvvetleriyle ismini hatırlayamadığım bir nahiye merkezine yakınız.,"While the province is Konya, the specific district or sub-district name is not explicitly mentioned because the narrator states he cannot remember it.",37.872734,32.4924376
Ch8_Village_Square,Konya,Konya: Unidentified Subdistrict: Köyün Önündeki Yeşil Meydan,"The text explicitly states that the characters are among those suppressing the Konya rebellion and are approaching a subdistrict center near Konya, though the narrator cannot remember the exact name of the subdistrict.",Konya ihtilâlini bastıranlar arasındayız. İhsan kuvvetleriyle ismini hatırlayamadığım bir nahiye merkezine yakınız.,"The narrator explicitly notes that they cannot remember the name of the subdistrict ('ismini hatırlayamadığım bir nahiye merkezine yakınız'). While the events clearly take place in the broader Konya province during the rebellion, the exact district or village name is omitted.",37.872734,32.4924376
Ch9_Eskisehir_Hospital,Eskişehir: Merkez,Eskişehir: Merkez: Eskişehir Hastanesi,The scene is explicitly set in Eskişehir. Peyami arrives in Eskişehir by train and meets Ayşe at the hospital entrance. The letters detailing her experiences with the wounded soldiers are also explicitly titled as being written from Eskişehir ('Eskişehir'den yazılanlar').,"Ayşe'yi beyaz önlüğü, siyah baş örtüsüyle hastahane kapısında buldum.","There is no doubt that the scene takes place in Eskişehir, though the exact neighborhood/district within the city center is not specified beyond mentions of the train station and Madam Tadia's hotel.",39.7765193,30.5288805
Ch9_Madam_Tadias_Hotel,Eskişehir,Eskişehir: Madam Tadia'nın Oteli,"The chapter associates Madam Tadia's Hotel ('Tadia'nın salonu' / 'Madam Tadia'nın oteli') with Eskişehir. Peyami disembarks from the train in Eskişehir and soon after dines at Tadia's. Later, Ayşe's letters are explicitly labeled as being written from Eskişehir, where she mentions İhsan is resting at Madam Tadia's.","Eskişehir'e trenden inen kolu sargılı adam benim, değil mi? ... Gece, Tadia'nın salonunun köşesinde yemek yiyoruz.",None. The geographical connection between Madam Tadia's Hotel and Eskişehir is explicitly established in the narrative and matches the historical location of Hotel Tadia near the Eskişehir train station.,39.7743941,30.519116
Ch10_Ankara_Defense_Office,Ankara: Ulus,Ankara: Ulus: Müdafaa-i Milliye Dairesi,"The narrator states he is working at the 'Müdafaa-i Milliyye' office and subsequently leaves from 'Ankara İstasyonu' (Ankara Station). Historically, the early nationalist government offices and the train station were located in the Ulus/Altındağ area of Ankara.","Ordu Sakarya'nın bu tarafında, ben hâlâ Müdâfaa-i Milliyye'de kâğıtlar arasındayım... Müdâfaa-i Milliyye'den sarhoş gibi çıktım. Ankara İstasyonu'ndan gece dokuzda hareket ettim.",The chapter explicitly names 'Ankara' and 'Ankara İstasyonu' but does not explicitly name the district 'Ulus'. The district is inferred based on historical geography as the station and early government buildings were situated there.,39.9362064,32.8426798
Ch10_Branch_Office,Ankara: Polatlı,Ankara: Polatlı: Şube Binası,"The narrator travels from Ankara Station to the Western Front headquarters during the Battle of Sakarya. Based on the mention of places like Haymana, Toydemir, Katrancı, and İnler, and the description of the headquarters village (historically Alagöz), the setting is located in the Polatlı district of Ankara.","Ankara İstasyonundan gece dokuzda hareket ettim... Bizim şube biraz daha yüksekte, dört köşe tahta bir bina.",The chapter does not explicitly name 'Polatlı' or 'Alagöz Village' but implies the location through geographical markers of the Sakarya front (such as Haymana and Toydemir) and the train trip starting from Ankara Station.,39.58567,32.1417303
Ch10_Drivers_Tent,Ankara: Polatlı,Ankara: Polatlı: Şoförler Çadırı,"The scene takes place in a military campsite during the Battle of Sakarya. The text mentions departing from the Ankara train station ('Ankara İstasyonu'ndan gece dokuzda hareket ettim') and arriving at a headquarters near several frontline villages in the Polatlı/Haymana region, such as İnler, Katrancı, Çambaklı, Toydemir, and Haymana.","Çadırıma komşu olan bir çadır var; şoförlerle meskûn. Bu küçük, çamur evler, namütenahi çadırlar arasında onların çadırı en şahsiyeti olan yerdir.","The text refers to the headquarters' location as a small village with only five or six houses ('bir köycüğe geldik... beş altı evden ibaret') without explicitly naming it. Historically, the Sakarya battle headquarters was in Alagöz or Malıköy (both in Polatlı, Ankara), which aligns with the mentioned surrounding villages.",39.58567,32.1417303
Ch10_Last_Station,Ankara: Polatlı,Ankara: Polatlı: Son İstasyon,"The narrator leaves Ankara Station by train to join the Sakarya front and arrives at 'the last station' (Son İstasyon) before dawn to unload troops and ammunition. Historically, during the Battle of Sakarya, the last operational railway stations serving as military bases were Malıköy and Polatlı. This is further supported by references later in the chapter to nearby front-line locations such as Haymana, İnler, Katrancı, and Çambaklı, which are all situated in the Polatlı and Haymana districts of Ankara.","Ankara İstasyonu'ndan gece dokuzda hareket ettim. Benimle beraber kompartımanda bir zâbit vekili, üç muvazzaf zâbit vardı. Tren askere ceb-hâne götürüyordu... Karargâha son istasyondan iki saat vardı. Sabaha karşı vasıl olduk. En iyi hatırladığım şey mehtabın parlak olması ve bu ışığın içinde hâkî bir insan kitlesinin vagonlardan hayvan ve ceb-hâne indirişi oldu.","The text refers to the location only as 'son istasyon' (the last station) without explicitly naming it. However, given the context of the Sakarya campaign and the train departing from Ankara, it highly correlates with Malıköy or Polatlı stations.",39.58567,32.1417303
Ch10_Opposite_Slope,Ankara: Polatlı,Ankara: Polatlı: Karşıki Yamaç,"The scene takes place during the Sakarya Campaign, at a temporary headquarters described as a small farm of five or six houses. Historically, the Garp Cephesi Karargâhı (Western Front Headquarters) during the Battle of Sakarya was located at Alagöz Çiftliği, which is in the Polatlı district of Ankara. Mention of nearby places like Haymana, Toydemir, and Katrancı confirms this location.","Akşamları karşıki yamaca gidip küçük köye bakıyorum. Karargâhın önünde sinema muzikalarını hatırlatan havalar çalıyor. Sol tarafımızda kızaran bulutlarda derin derin top sesleri gürlüyor, esmer ışıkta İsmet Paşa'nın sakin uzaklara bakan başını görüyorum, bazan Başkumandan da orada.","The text does not explicitly name 'Polatlı' or 'Alagöz'; however, the context of the Sakarya Battle, the train journey from Ankara, and the specific mention of the military headquarters in a small farm settlement make Polatlı the most historically accurate location.",39.58567,32.1417303
Ch10_Supreme_Headquarters,Ankara: Polatlı,Ankara: Polatlı: Alagöz: Başkumandanlık Binası,"The scene describes the Supreme Headquarters (Başkumandanlık) during the Battle of Sakarya. The narrator travels from Ankara by train and reaches a small village/farm that serves as the command center. Historically, the Alagöz Headquarters (Alagöz Karargâhı), where Commander-in-Chief Mustafa Kemal Atatürk stayed and directed the battle, is located in Alagöz Village, Polatlı, Ankara. This location is further verified by the mention of surrounding villages such as İnler, Katrancı, Çambaklı, Üzümbeyli, Haymana, and Toydemir, which are all located in the Polatlı-Haymana area.","Ortası balkonlu basit, iki katlı bir köy evinden geçtik, önündeki iki nöbetçi karargâh flamasının kızıl ziyâsı altında bana Yeniçeri müzesinin iki modeli gibi sabit ve vakur göründüler. ... Karşımdaki biraz yüksek köy binasında Başkumandan varmış. Penceresinden mavimtırak bir ışık parlıyor, ortadan dik kalpaklı gölgeler gelip geçiyor.","The text does not explicitly name 'Polatlı' or the village 'Alagöz', but refers to the headquarters as a small village of 5-6 houses/farm. The geographic identification relies on historical facts of the Battle of Sakarya and the surrounding listed villages (Haymana, Katrancı, İnler, Toydemir).",39.58567,32.1417303
Ch11_Ankara_Station,Ankara: Altındağ,Ankara: Altındağ: Ankara İstasyonu,"The narrator describes departing from Ankara at night, with his cousin's family sending him off at the train station (Ankara İstasyonu), where Sabiha kisses him goodbye. Ankara Station is historically and geographically located in the Altındağ district of Ankara.","Ankara'dan bir gece geç vakit hareket ettim. Amcazademin kızları beni istasyona getirdiler. Bütün aile boynuma sarıldı. Amcazademin küçük kızı Sabiha da istasyonda bir çığlık kopardı, boynuma sarıldı.",None. The province of Ankara and the station setting are explicitly stated in the text.,39.9362064,32.8426798
Ch11_Cousins_House_Ankara,Ankara: Dikmen,Ankara: Dikmen: Cousin's House,"The text states that İhsan goes to Ankara for convalescence leave and stays at his cousin's (a member of parliament) house. During this time, they walk in the fields and vineyards. Later, Cemal mentions seeing them together in the vineyards of Dikmen (Dikmen bağlarında), and a photograph of the cousin's daughter is also taken in Dikmen (Dikmen Bağı'nda), strongly linking the setting of these walks and the house's vicinity to this district.","Anadolu'ya geldiğim günden beri ilk defa olarak izinle Ankara'ya hava tebdiline gidiyordum. Tabiî olarak amcazadem mebusun evine misafir oldum... amcazademin şen, güzel kızlarıyla kırlarda dolaşıyor, tabiî ve genç bir insan oluyordum.","While Ankara is explicitly mentioned as the province of the cousin's house, the exact neighborhood of the residence is not explicitly named. However, the associated walks and photographs occur in Dikmen, indicating the house's proximity to or location in this district.",40.0582241,32.0057462
Ch11_Eskisehir_Hospital,Eskişehir: Merkez,Eskişehir: Merkez: Eskişehir Hastanesi,"The text details İhsan being wounded during the Second Battle of İnönü (near Metris Tepe) and brought to a hospital where Ayşe treats him. Because the hospital is full, he is transferred to 'Madam Tadia'nın oteli' (Madam Tadia's Hotel), a famous historical hotel situated near the railway station in central Eskişehir. The text also notes that Ayşe was in Eskişehir during this time ('O zaman Ayşe Eskişehir'de idi').",Beni hastahanede yer olmadığı için Madam Tadia' nın otelindeki küçük odaya naklettiler.,"The text refers to the hospital and Madam Tadia's Hotel but does not explicitly name the modern municipality/district (such as Tepebaşı or Odunpazarı), though geographically they are located in central Eskişehir.",39.7765193,30.5288805
Ch11_Malli_Station,Ankara: Polatlı,Ankara: Polatlı: Mallı Station,"The narrator is traveling by train westward from Ankara. After passing Sincan Station, the train stops at 'Mallı' (Mallı İstasyonu) before reaching Polatlı. Geographically and historically, Mallı refers to Malıköy Station, which is located within the Polatlı district of Ankara Province.",Mallı'ya kadar nasıl sabrettiğimi bilmiyorum. Mallı'da atladım. Neferi Ayşe'nin kompartımanına gönderdim.,"The text uses the historical/colloquial name 'Mallı' rather than its modern name 'Malıköy', but its position between Sincan and Polatlı along the railway line leaves no doubt about its geographic location in Polatlı, Ankara.",39.58567,32.1417303
Ch11_Metris_Tepe,Bilecik: Bozüyük,Bilecik: Bozüyük: Metris Tepe,"The text describes İhsan recalling the moment he was shot at Metris Tepe during the Second Battle of İnönü. Historically and geographically, Metris Tepe is a highly significant hill located in the Bozüyük district of Bilecik Province.","İkinci İnönü'nde alayın başında başımı kurşunlara uzatarak ölüm bekledim ve göğsümden ölümün yıldırım gibi geçtiğini, Metris Tepe'de duyarak bayıldığım an her şeyin bitmiş olduğunu zannediyordum.",The text explicitly mentions 'Metris Tepe' and 'İkinci İnönü' but does not explicitly mention the province 'Bilecik' or the district 'Bozüyük'; these are identified through historical and geographical knowledge of the Turkish War of Independence.,39.9042599,30.0372781
Ch11_Tatar_Village,Ankara: Polatlı,Ankara: Polatlı: Tatar Köyü,"The scene takes place in a Tatar village where the Corps Headquarters (Kolordu Karargâhı) has relocated. This occurs during the final stages of the Battle of Sakarya, following events in Haymana and Gökçepınar (which is in Polatlı), indicating the village is situated in the Polatlı or Haymana region of Ankara.",Burası bir Tatar köyü idi.,The chapter does not explicitly name the district or province of this specific 'Tatar village'. It is historically and contextually implied to be in the Polatlı/Haymana region of Ankara due to its proximity to the Sakarya battlefield and previously mentioned locations like Gökçepınar and Haymana.,39.58567,32.1417303
Ch11_Village_Road,Ankara: Polatlı,Ankara: Polatlı: Köy Yolu,"The scene takes place in a Tatar village where the Turkish army corps headquarters ('kolordu karargâhı') is positioned during the Sakarya campaign of the Turkish War of Independence, specifically right as the Greek retreat ('Yunanlıların ricati') begins. Geographically, these events and the mentioned military movements occur within the Polatlı and Haymana districts of Ankara.",Burası bir Tatar köyü idi.,"The text refers to the setting only as 'bir Tatar köyü' (a Tatar village) without explicitly naming the exact village or district. While it is highly likely to be in the Polatlı or Haymana districts of Ankara based on the Battle of Sakarya context and the mention of the Greek retreat, the exact village cannot be definitively verified from the text alone.",39.58567,32.1417303
Ch11_Village_Valley,Ankara: Polatlı,Ankara: Polatlı: Köy Yakınındaki Vadi,"The scene takes place at an unnamed Tatar village serving as a military headquarters during the Sakarya Campaign. Based on historical context and geographic references in the chapter (such as the Sakarya River, Gökçepınar, and Haymana), the setting is located in the combat zone of the Western Front, most likely within the Polatlı district of Ankara or the adjacent eastern districts of Eskişehir.",Burası bir Tatar köyü idi. Önlerindeki uzun teraslara kapalı pencerelerden tek tük ışıklar vuruyordu.,"The text does not explicitly name the Tatar village, only describing it as 'a Tatar village' (bir Tatar köyü) where the corps headquarters was established during the military operations. Thus, the exact district (such as Polatlı or Sivrihisar) remains inferred but uncertain.",39.58567,32.1417303
Ch12_Ambulance_Mountain_Road,Ankara: Polatlı,Ankara: Polatlı: Karadağ: Dağ Yolu,"The scene takes place in a medical carriage (sıhhiye arabası) traveling on a road down the slope of Karadağ. The text explicitly links Karadağ to Polatlı, which is a district in Ankara, describing it as a peak rising behind Polatlı.","Dağın eteğinde bir sıhhiye arabası, yoldan gidiyoruz.","The specific mountain road itself is unnamed, but its location is geographically fixed at the foothills of Karadağ within the Polatlı district of Ankara.",39.58567,32.1417303
Ch12_Basri_Village_Room,Ankara: Polatlı,Ankara: Polatlı: Basri Village: Village Room,"The text explicitly mentions that the characters are in a village room in Basri Village ('Basri Köyü'). Geographically and historically, Basri is a village/neighborhood located in the Polatlı district of Ankara Province, which is consistent with the chapter's references to nearby Battle of Sakarya landmarks like Polatlı, Kartaltepe, and Karadağ.","Bir saat sonra Basri Köyü'nde, bir köy odasında Haşmet Bey'le Cemal arasında oturuyordum.","None. The name of the village is explicitly stated, and its geographic context is confirmed by neighboring landmarks mentioned in the chapter (Polatlı, Karadağ, Kartaltepe).",39.58567,32.1417303
Ch12_Ihsans_Tent,Ankara: Polatlı,Ankara: Polatlı: İhsan'ın Çadırı ve Karargâhı,"The chapter details the military operations surrounding the assault on Karadağ during the Battle of Sakarya. It explicitly mentions landmarks such as Polatlı, Kartaltepe, Duatepe, and Basri Köyü, which are all located within the Polatlı district of Ankara. İhsan's tent (his headquarters/camp) is pitched on the ridges overlooking these battlegrounds just before the offensive.","Bizim küçük çadırda bir makine gibi telâşsız ve sert emirler veriyor... Sağı Kartaltepe sırtları, solu Polatlı tepeleri. Menfezin sağındaki küçük tarlayı top ateşi pamuk atar gibi atıyor... Gözlerimiz Polatlı'nın arkasından başı siyah bir ehram gibi yükselen Karadağ'ın tepesinde, oraya gideceğiz ve onu zaptedeceğiz.","The text clearly establishes the general setting within the battlefront of Polatlı, Ankara. However, the exact ridge or precise geographic coordinates of the temporary military camp where İhsan's tent was pitched are described dynamically in a fluid wartime military campaign context rather than as a permanent, settled geographical location.",39.58567,32.1417303
Ch12_Polatli,Ankara: Polatlı,Ankara: Polatlı: Karadağ,"The text explicitly names Polatlı, its surrounding hills (Polatlı tepeleri, Kartaltepe, Duatepe), and Karadağ as the battleground where the regiment is fighting. These are highly specific historical locations associated with the Battle of Sakarya in the Polatlı district of Ankara.","Önümüzdeki hattın sonu Polatlı'nın önündeki küçük menfeze varıyor. Sağı Kartaltepe sırtları, solu Polatlı tepeleri.",No doubts. The geographical landmarks mentioned are precise and historically accurate to the Polatlı district of Ankara.,39.58567,32.1417303
Ch12_Rear_Ridges,Ankara: Polatlı,Ankara: Polatlı: Arka Sırtlar,"The chapter details the maneuvers and preparations during the Battle of Sakarya, specifically naming local landmarks such as Polatlı, Duatepe, Kartaltepe, Basri Village, and Karadağ, all of which are located in the Polatlı district of Ankara. The 'Arka Sırtlar' (rear ridges) refer to the ridge lines near their military encampment where İhsan trains his newly recruited troops.",Arka sırtların sarı hattı bâlâları üzerinde ayırdığı küçük acemi kıtaların talimiyle kendi uğraşıyor.,"The term 'Arka Sırtlar' is a descriptive topographic name rather than an official district or neighborhood name, but its geographical location within Polatlı, Ankara is clearly established by the surrounding context of the Sakarya battlefront.",39.58567,32.1417303
Ch12_Regiment_Camp,Ankara: Polatlı,Ankara: Polatlı: Alay Karargâhı,"The scene takes place during the Battle of Sakarya, which is historically set in Polatlı. The chapter explicitly references local landmarks such as Polatlı, Kartaltepe, Duatepe, and Karadağ. The regiment camp (Alay Karargâhı) is situated on the ridges overlooking these areas.","Önümüzdeki hattın sonu Polatlı'nın önündeki küçük menfeze varıyor. Sağı Kartaltepe sırtları, solu Polatlı tepeleri.","The broader region of Polatlı, Ankara is certain due to the explicit geographical markers. However, the exact coordinates or named hill of the regiment's camp is referred to generally as 'şu sırtlarda' (those ridges).",39.58567,32.1417303
Ch12_Ridge_Lines,Ankara: Polatlı,Ankara: Polatlı: Hattı Bala (Sırtlar),"The text explicitly mentions landmarks and locations surrounding the scene such as Polatlı, Kartaltepe, and Karadağ, which are located in the Polatlı district of Ankara during the Sakarya Campaign.","Önümüzdeki hattın sonu Polatlı'nın önündeki küçük menfeze varıyor. Sağı Kartaltepe sırtları, solu Polatlı tepeleri.",,39.58567,32.1417303
Ch12_Slope_to_Valley,Ankara: Polatlı,Ankara: Polatlı: Vadiye İnen Meyil,"The scene describes Peyami walking down a slope towards the mobile military hospital (seyyar hastane) in a valley during the Battle of Sakarya. The broader region is established by multiple geographic references in the chapter, including Polatlı, Karadağ (a strategic hill in Polatlı), and Basri Köyü (Basri Village), which are all located within the Polatlı district of Ankara.","Seyyarın olduğu vadiye inen meyli aşarken etrafta dalgalanan başaklara, Ayşe'ye söyleyeceklerimi anlatıyorum.","The specific slope and valley are local physical geographical features of the battlefield near Karadağ and Polatlı, rather than named settlements, but their location within the Polatlı district of Ankara is highly certain due to the historical context of the Sakarya Battle.",39.58567,32.1417303
Ch12_Valley_After_Ridge,Ankara: Polatlı,Ankara: Polatlı: Sırtın Ardındaki Vadi,"The text explicitly places the scene in the valley leading to Polatlı, situated between Kartaltepe and the Polatlı hills, beneath Karadağ, which are all prominent battlegrounds in the Polatlı district of Ankara during the Battle of Sakarya.","Hattı aşınca dağlarla çevrilmiş bir vadiye girdik. Ortasında bir yol ve yol üstünde bir toz bulutu içinde siyah insan hatları geçiyor... Önümüzdeki hattın sonu Polatlı'nın önündeki küçük menfeze varıyor. Sağı Kartaltepe sırtları, solu Polatlı tepeleri.","None. The geographical references to Polatlı, Kartaltepe, and Karadağ are historically and geographically precise.",39.58567,32.1417303
Ch1_Beyoglu_Tepebasi,İstanbul: Beyoğlu,İstanbul: Beyoğlu: Tepebaşı,"The text explicitly names 'Tünel', 'Löbon' (the famous café), 'Beyoğlu', and 'Tepebaşı', all of which are prominent historical streets, establishments, and neighborhoods located in the Beyoğlu district of İstanbul.",Hakikat o akşam Beyoğlu'nda yemek yedik ve Tepebaşı'da barda eğlendik ve gece sarhoşa yakın bir hâle döndük.,"None. The geographical references to Beyoğlu, Tepebaşı, and Tünel in Istanbul are explicit and unambiguous.",41.0284233,28.9736808
Ch1_Darulfunun_Turk_Ocagi,İstanbul: Fatih,İstanbul: Fatih: Darülfünun / Türk Ocağı,"The text divides the political/cultural propaganda activities between Şişli (on the Beyoğlu side) and 'Köprü'nün öbür tarafı' (the other side of the Galata Bridge), which refers to the historical peninsula (historically called the 'İstanbul' side). It notes that Darülfünun and the Türk Ocağı are located on this other side, which geographically corresponds to the Fatih district (specifically the Beyazıt/Vezneciler area).","Köprü'nün öbür tarafında da bir hanım faaliyeti vardır, orada daha genç, daha yeni bir kadın unsuru, Darülfünunlular, genç muallimler, genç şairler çalışır. [...] Darülfünun salonunda, Türk Ocağı'nda fesli, çarşaflı daimî bir faaliyet vardır.","The text does not explicitly name the district as 'Fatih' or 'Beyazıt', but refers to it contextually as 'Köprü'nün öbür tarafı' (the other side of the Bridge) and 'İstanbul tarafı', which historically refers to the old city peninsula of Istanbul where Darülfünun (Istanbul University) and the Turkish Hearths (Türk Ocağı) were based.",41.0131,28.962
Ch1_Foreign_Embassies,İstanbul: Beyoğlu,İstanbul: Beyoğlu: Yabancı Sefaretler,"The scene describes nationalist and rival factions of women delivering petitions to foreign embassies ('sefaretler'). Historically, these foreign embassies in Istanbul were located in the Beyoğlu (Pera) district. The text also mentions Beyoğlu, Tünel, and 'Frenkler' (foreigners/Europeans) in the surrounding context, which aligns with this geographic location.","Öteki İstanbul genç kadınlığına gelince, onlar sefaretlere muhtıra götürmenin haricinde Frenklerle pek temas etmezler. Bu, daha ziyâde kendi kendisini ikna ile meşgul, fakat daha genç ve canlı bir âlemdir.","The chapter refers to the embassies ('sefaretler') and their interactions with 'Frenkler' but does not explicitly name 'Beyoğlu' as the district in the exact sentence where the embassies are mentioned. However, the district is historically accurate for late Ottoman embassies and Beyoğlu is mentioned elsewhere in the chapter.",41.0284233,28.9736808
Ch1_Harbiye_Nezareti,İstanbul: Fatih,İstanbul: Fatih: Beyazıt: Harbiye Nezareti,"The characters walk towards Beyazıt and meet in front of the Harbiye Nezareti (the Ottoman Ministry of War), which is historically located in the Beyazıt square within the Fatih district of İstanbul. They also mention descending towards Mercan, which is a neighboring quarter in Fatih.","Harbiyye Nezâreti'nin önüne gelince daha ileri gitmek istemedi. — Haydi Mercan'dan inelim Peyami, dedi. Yalnız Nezâret'ten çıkan ve bize doğru gelen genç ve şık bir zâbiti beklemek için durduk.","None. The geographical context of Beyazıt, Harbiye Nezareti, and Mercan clearly establishes the location in Fatih, İstanbul.",41.0131,28.962
Ch1_Meserret_Cafe,İstanbul: Fatih,İstanbul: Fatih: Sirkeci: Meserret Kıraathanesi,"The text describes Peyami and Cemal meeting daily at the coffeehouse located under the Meserret Hotel ('Meserret Oteli'nin altındaki kırâathâneye'). Historically, the famous Meserret Kıraathanesi was located in the Sirkeci/Cağaloğlu neighborhood, near the Sublime Porte (Bâb-ı Âli / Hâriciyye), which falls under the Fatih district of İstanbul. The characters walk from the Foreign Ministry (Hâriciyye) to this coffeehouse and later walk towards Beyazıt and Mercan, which are all adjacent areas within Fatih.","Her gün o dörtten sonra Hâriciyye'nin kapısından beni alıyor. Meserret Oteli'nin altındaki kırâathâneye gidiyor, orada onun zâbit arkadaşlarıyla buluşuyorduk.","None. The historical location of the Meserret Kıraathanesi is well-documented in Sirkeci, and the surrounding landmarks mentioned (Hâriciyye, Bâb-ı Âli, Mercan, Beyazıd) strongly corroborate this location.",41.0144,28.9753
Ch1_Sirkeci_Salon,İstanbul: Fatih,İstanbul: Fatih: Sirkeci: Cemal's Favorite Salon,"The narrator notes that İhsan often joins them to sit in a salon in Sirkeci (a neighborhood in the Fatih district of Istanbul) favored by Cemal, where they drink rakı together.","Löbon'u tercih etmekle beraber o da ekseri bizimle geliyor, Cemal'in sevdiği bir Sirkeci salonunda oturuyor, rakı içiyoruz.",None. The text clearly identifies 'Sirkeci' as the location of the salon where they gather.,41.0144,28.9753
Ch2_Galata_Bridge,İstanbul: Eminönü,İstanbul: Eminönü: Galata Köprüsü,"The scene takes place at the entrance of 'Köprü' (Galata Bridge) after the characters pick up Ayşe from the ferry dock. The text mentions they later cross the bridge to reach Şişli, suggesting they were at the Eminönü side of the Galata Bridge.","Köprü'nün başında arkamdan bir el, kalabalığın arasına nasıl çekilmiş olduğuna hayret ettiğim bir araba önünde beni durdurdu. İhsan arabacının kapısını açtığı bir kupayı gösterdi.",The text only says 'Köprü'nün başında' (at the head of the bridge). It is inferred to be the Eminönü side of the Galata Bridge because they cross it to head toward Beyoğlu and Şişli.,41.0182861,28.9700158
Ch2_The_Quay,İstanbul: Karaköy,İstanbul: Karaköy: Rıhtım,"The characters meet Ayşe arriving by ferry from Izmir at the quay ('Rıhtım'). The text mentions 'Köprü'nün başı' (the head of the Galata Bridge) immediately after they leave the quay and then mentions crossing the bridge to go to Beyoğlu and Şişli. Historically, passenger ferries arriving in Istanbul docked at the Karaköy (Galata) Quay, right near the Galata Bridge.","Perşembe sabahı Cemal ile beraber Ayşe'yi vapurdan almaya gittik. Rıhtım kıyamet gibi kalabalık... Köprü'nün başında arkamdan bir el, kalabalığın arasına nasıl çekilmiş olduğuna hayret ettiğim bir araba önünde beni durdurdu.","The text refers to the location as 'Rıhtım' (the Quay) and mentions the 'Köprü' (Galata Bridge) without explicitly naming the district of 'Karaköy' or 'Galata', but the geographic and historical context of Istanbul makes this location definitive.",41.0228645,28.9740393
Ch3_Galata_Bridge,İstanbul: Fatih,İstanbul: Fatih: Galata Köprüsü,"The scene describes the characters boarding a tram after eating at a restaurant in Sirkeci and crossing the bridge ('Köprü') over the Golden Horn ('Haliç') towards Tepebaşı and Pangaltı. This bridge is the historic Galata Bridge, which connects Eminönü (Fatih) to Karaköy (Beyoğlu) in İstanbul.",Tramvay çan çan öterek Köprü'nün ışık hatları arasından kayarken İhsan son defa Haliç'in karanlık suları üstünde çalkalanan yelken kayıklarının yaprakları dökülmüş çıplak ağaçlara benzeyen direklerine bakıyordu.,None. The reference to 'Köprü' (Bridge) spanning 'Haliç' (Golden Horn) between Sirkeci and Tepebaşı explicitly locates the scene on the Galata Bridge in İstanbul.,41.02,28.9734
Ch3_Harbiye_Nezareti,İstanbul: Fatih,İstanbul: Fatih: Beyazıt: Harbiye Nezareti,"The text states that the characters are walking towards Beyazıd and looking at the Harbiye Nezareti (Ministry of War), which is historically located in the Beyazıt neighborhood of the Fatih district in İstanbul.",Haşmet Bey'in yüzü Beyazid'e gelirken çok endişeli göründü. İkimizin de elini sıkarken Harbiyye Nezâreti'ne gözleri dalmıştı:,,41.0131,28.962
Ch3_Istanbul_Restaurant,İstanbul: Sirkeci,İstanbul: Sirkeci: İstanbul Lokantası,"The characters Peyami and İhsan decide to dine at 'İstanbul Lokantası', and the text explicitly mentions that they look out of its windows at the crowded streets of Sirkeci, placing the restaurant in this neighborhood of İstanbul.",İstanbul Lokantası'nın camlarından Sirkeci'nin karışık kalabalığını görüyorduk.,None. The text explicitly links the restaurant's location to Sirkeci.,41.0150174,28.977962
Ch3_Merchant_House_Moda,İstanbul: Kadıköy,İstanbul: Kadıköy: Moda'da Bir Tüccarın Evi,"Ayşe recounts a Turkish lesson she gave at a merchant's house in Moda, which is a well-known neighborhood in the Kadıköy district of İstanbul.","Moda'da tüccarların evinde, dedi. Salime Hanım bir İngiliz römorkörüyle gelmez mi?",None. Moda is explicitly mentioned in the text and is located in the Kadıköy district of İstanbul.,40.9912955,29.0245631
Ch3_Sirkeci_Tramway,İstanbul: Fatih,İstanbul: Fatih: Sirkeci: İstanbul Lokantası,The scene describes Peyami and İhsan boarding a tram (after walking towards Beyazıd) and going to 'İstanbul Lokantası' where they look out the windows at the bustling crowd of Sirkeci.,İhsan'la biz beraber tramvaya bindik. ... İstanbul Lokantası'nın camlarından Sirkeci'nin karışık kalabalığını görüyorduk.,"None. The geographical locations of Beyazıd (Beyazıt), Sirkeci, and the tramway connecting them are explicitly mentioned and represent historically accurate locations in the Fatih district of Istanbul.",41.0144,28.9753
Ch4_Adapazari_Road,Kocaeli: Kandıra,Kocaeli: Kandıra: Adapazarı Road,"The characters travel disguised as peasants along the road to Adapazarı and explicitly stop in Kandıra, where they look back at the İzmit Bay and the sea.","Kandıra'da üçümüz de öküzlerin yanında durduk, denize son defa baktık. İzmit Koyu iki tarafın yumuşak, zeytunî yeşillikleri ortasında mavi ve mesut kıvrılıp beyaz İstanbul'a gidiyordu.","The characters are on a continuous journey along the road to Adapazarı (which is in Sakarya province), passing through Samandıra (Istanbul) and Kandıra (Kocaeli). Thus, the journey spans multiple provinces, though Kandıra is the most specific named location where they halt.",41.0703914,30.1523298
Ch4_Ayses_House_Gedikpasa,İstanbul: Fatih,İstanbul: Fatih: Gedikpaşa: Ayşe'nin Evi,"In her letters, Ayşe explicitly dates her entry as '18 Mart Gedikpaşa' and narrates how the British soldiers accompanied by an Armenian translator raided her house in Gedikpaşa, a well-known historic neighborhood in the Fatih district of Istanbul, and ordered her to leave.","Nihayet bizim eve de geldiler. Çarşaflandım, kapıyı açtım. Bir Ermeni tercüman, bir küme İngiliz askerine tercümanlık ediyor. Ağzı kulaklarına kadar açık, öyle muzaffer sırıtıyor ki... İngiliz askeri evinizi istiyor, hemen çıkmalısınız, dedi.",None. Gedikpaşa is a clearly identified historic neighborhood in the Fatih district of Istanbul.,41.0064,28.9644
Ch4_Kandira,Kocaeli: Kandıra,Kocaeli: Kandıra: Coastline,The characters explicitly stop by the sea in Kandıra to take a final look at the Gulf of Izmit and reflect on their departure from Istanbul. Kandıra is historically and geographically a district of Kocaeli province.,"Kandıra'da üçümüz de öküzlerin yanında durduk, denize son defa baktık. İzmit Koyu iki tarafın yumuşak, zeytunî yeşillikleri ortasında mavi ve mesut kıvrılıp beyaz İstanbul'a gidiyordu.",None. The text explicitly mentions Kandıra and the Gulf of Izmit (İzmit Koyu).,41.0703914,30.1523298
Ch5_Kandira,Kocaeli: Kandıra,Kocaeli: Kandıra: A Village in Kandıra,"The text explicitly states that the characters meet Ahmed Rıfkı and his men (from İhsan's retinue in Geyve) in one of the villages of Kandıra, which is a district of Kocaeli province.","Nihayet Adapazarı'na bir konak kalmıştı. Kandıra köylerinin birinde asıl bizimkiler, Anadolu hayatımızın arkadaşları göründü.",The text identifies the location as one of the villages of Kandıra ('Kandıra köylerinin birinde') but does not specify the exact name of the village.,41.0703914,30.1523298
Ch6_Circassian_Village,Kocaeli: Kandıra,Kocaeli: Kandıra: İkizce (Çerkes Köyü),"The text explicitly states that the characters stayed at Mürsel Ağa's house in a village in Kandıra, beyond the Sakarya River. They are then directed towards Kaymaz and İkizce, which is described as a Circassian village ('bu küçük Çerkes köyünde'). Historically and geographically, Kandıra is a district of Kocaeli, and Kaymaz and İkizce are localities within this region.",En son Sakarya'nın ötesinde bir Kandıra köyünde kaldık. Köyün âyanından Mürsel Ağa'nın evinde misafir olmuştuk.,"The text explicitly names the district 'Kandıra' and villages 'Kaymaz' and 'İkizce', but it does not explicitly mention the province 'Kocaeli', which is inferred through geographical and historical knowledge.",41.0703914,30.1523298
Ch6_Geyve,Sakarya: Geyve,Sakarya: Geyve,The text explicitly names Geyve as the place where Peyami remains after Ayşe's departure to undergo rigorous military and combat training under İhsan and Mehmet Çavuş.,Şimdi ben de Geyve'de Ayşe'nin gözlerinden uzak tehlike mümaresesi yapacağım.,None. Geyve is explicitly named and its geographic context near the Sakarya River is confirmed throughout the chapter.,40.5090547,30.2902514
Ch6_Ihsans_Tent,Sakarya: Geyve,Sakarya: Geyve: İhsan'ın Karargâhı,"In this scene, Ihsan summons Peyami and Mehmet Çavuş to give them their mission. The text indicates that Peyami is in Geyve at this point ('Şimdi ben de Geyve'de Ayşe'nin gözlerinden uzak tehlike mümaresesi yapacağım') and that Mehmet Çavuş had joined them in Geyve. This indicates that Ihsan's headquarters and tent are located in the Geyve region before they depart for Kandıra.",Şimdi ben de Geyve'de Ayşe'nin gözlerinden uzak tehlike mümaresesi yapacağım.,None. The text explicitly places the characters and their camp in Geyve during this period of the narrative.,40.5090547,30.2902514
Ch6_Sakarya_River_Crossing,Sakarya: Geyve,Sakarya: Geyve: Sakarya Nehri,The text explicitly mentions crossing the Sakarya River ('Sakarya'yı geçerken') within the context of traveling between Geyve and Kandıra to retrieve ammunition. Geyve is a district of the modern-day Sakarya province and is the primary base of operations mentioned throughout the chapter.,Sakarya'yı geçerken Mehmet Çavuş'u bir muhacirin ot yüklü arabasının otları altına sakladık.,"The Sakarya River is very long and spans multiple provinces; however, because the characters are traveling between Geyve (Sakarya) and Kandıra (Kocaeli), the crossing definitely occurs within this regional corridor, likely near Geyve or Adapazarı.",40.5090547,30.2902514
Ch6_Training_Ground,Sakarya: Geyve,Sakarya: Geyve: Talimgâh,"Peyami explicitly states that he is in Geyve after Ayşe's departure, performing grueling drills and training under İhsan's harsh supervision, which he describes as a training experience he couldn't even find in a formal training ground (ta'lîm-gâh).","Şimdi ben de Geyve'de Ayşe'nin gözlerinden uzak tehlike mümaresesi yapacağım. Hayvanıma, tüfeğime onlar kadar sahip olacağım. [...] Ta'lîm-gâhta göremeyeceğim en çetin ve haşin bir ihtilâl ve askerlik tecrübesini burada yapıyordum.",None. Geyve is explicitly named as the location where this training/preparation takes place.,40.5090547,30.2902514
Ch6_Vacant_Sheepfold,Sakarya: Geyve,Sakarya: Geyve: Sarılar: Boş Ağıl,"The characters Peyami and Mehmet Çavuş are traveling on horseback and Mehmet Çavuş points out Sarılar Village (Sarılar Köyü). Rather than staying in the village itself, they choose to spend the night at a nearby vacant sheepfold (boş bir ağıl) located on a small ridge. Sarılar is a historical village in the Geyve district of Sakarya.","Mehmet Çavuş bana yeşil söğütlerle örülü Sarılar Köyü'nü gösteriyor. ... 'Bu akşam köyde kalmayalım, dedi. Ne olur ne olmaz, şurada boş bir ağıl var, ateş yakarız, geceyi orada geçiririz.'","The exact location of the sheepfold is outside the village itself, on a small ridge, but it remains within the general vicinity of Sarılar Village in the Geyve district.",40.5090547,30.2902514
Ch7_Ihsans_Tent,Sakarya: Geyve,Sakarya: Geyve: Doğançay: İhsan'ın Çadırı ve Karargâhı,The text explicitly states that Peyami found İhsan's headquarters (karargâh) in a wooded area not far from Doğançay ('Doğançay'dan pek uzak olmayan bir ağaçlık arasında karargâhı buldum'). Both Doğançay and Geyve (which is mentioned in relation to a mission given to Mehmet Çavuş) are located in the Geyve district of Sakarya province.,Doğançay'dan pek uzak olmayan bir ağaçlık arasında karargâhı buldum.,"The exact name of the woodland where the tents are set up is not specified, but the proximity to Doğançay and Geyve clearly points to the Geyve district of Sakarya.",40.5090547,30.2902514
Ch8_Ruined_Mill,Konya: Sarılar,Konya: Sarılar: Harap Değirmen Binası,"The chapter takes place during the suppression of the Konya rebellion in a rural area. The narrator mentions they are close to a sub-district center near Konya, though he cannot recall its name. Later, a soldier mentions 'Sarılar Köyü' (Sarılar Village) in relation to the characters, which locates the setting within the broader Konya province, likely in or near Sarılar.",Konya ihtilâlini bastıranlar arasındayız. İhsan kuvvetleriyle ismini hatırlayamadığım bir nahiye merkezine yakınız.,"The narrator explicitly states he does not remember the name of the sub-district center ('ismini hatırlayamadığım bir nahiye merkezine yakınız'). Although 'Sarılar Köyü' is mentioned by a soldier as a place where İhsan helped the child, it is not 100% clear if the ruined mill scene itself is located directly within Sarılar Village or a neighboring settlement.",37.9440334,32.5054789
Ch8_Village_Street,Konya: Unnamed Village,Konya: Unnamed Village: Köy Sokağı,The chapter is set during the suppression of the Konya rebellion. The narrator explicitly mentions being near an unnamed subdistrict (nahiye) center in the Konya region whose name he cannot recall. The scene takes place in a village street within this subdistrict.,Konya ihtilâlini bastıranlar arasındayız. İhsan kuvvetleriyle ismini hatırlayamadığım bir nahiye merkezine yakınız.,The exact name of the village or subdistrict (nahiye) is not explicitly named because the narrator states he does not remember it.,,
Ch9_Ankara_Defense_Office,Ankara: Ulus,Ankara: Ulus: Müdâfaa-i Milliyye Dairesi,"The narrator, Peyami, explicitly states that he was assigned to the Ministry of National Defense (Müdâfaa-i Milliyye) in Ankara, where his days are consumed by administrative paperwork and moving from desk to desk. Historically, the administrative offices of the nationalist government during the War of Independence were centered in the Ulus district of Ankara.","Beni derhal Ankara'ya, Müdâfaa-i Milliyye'ye tayin ettiler. Masadan masaya, odadan odaya gidiş geliş.","The text explicitly names the province of Ankara and the government department (Müdâfaa-i Milliyye), but it does not explicitly specify the district (Ulus/Altındağ). The district is identified based on historical geographical context.",39.9362064,32.8426798
Ch9_Cebeci_Hospital,Ankara: Cebeci,Ankara: Cebeci: Cebeci Hastanesi,"The scene takes place in Cebeci Hospital, where the narrator Peyami is currently hospitalized, undergoing evaluation by his doctor, and reading through letters and diaries. Cebeci is a well-known historical neighborhood in Ankara, which is frequently referenced throughout the chapter as the hub of the nationalist movement and Peyami's military assignment.","Bu sabah doktor geldi. Yanımda uzun oturdu, konuştu. Bu haftanın sonunda ameliyat muhakkak. Bende bu günlerde düşüklük var.","The specific name 'Cebeci' is not explicitly printed in this chapter's text, though 'Ankara' is mentioned numerous times. However, in the established frame narrative of the novel (Ateşten Gömlek), Peyami's hospital and the site of his surgery is Cebeci Hospital in Ankara.",39.9327342,32.8746726
Ch9_Eskisehir_Station,Eskişehir: Merkez,Eskişehir: Merkez: Eskişehir İstasyonu,"The text explicitly mentions Peyami getting off the train in Eskişehir with a bandaged arm, and Ayşe later describes the chaotic scenes, wounded soldiers, and the teahouse at the Eskişehir train station in her letters written from Eskişehir.","Eskişehir'e trenden inen kolu sargılı adam benim, değil mi? ... İstasyon kıyamet gibi kalabalık, sedyeler üstünde gelen hâkî insanlar bize başka dünyanın adamları gibi geliyor. ... Çayhaneye sedyeleri dizdik. Çay verip gönderiyoruz.",None. The province (Eskişehir) and the location (İstasyon / Station) are explicitly specified.,39.7765193,30.5288805
Ch9_Eskisehir_Street,Eskişehir: Merkez,Eskişehir: Merkez: Eskişehir'de Bir Cadde,The text explicitly states that Peyami gets off the train in Eskişehir and tries to cross a crowded street where soldiers are passing with drums and zurnas.,"Eskişehir'e trenden inen kolu sargılı adam benim, değil mi? ... Caddeyi bir türlü geçemiyorum. Asker geçiyor, sıcak rüzgârlarla savrulan tozlar bu uzun müteharrik insan hattıyla karşıdaki binaları bile örtmüş.","The text clearly establishes the scene in Eskişehir, but it does not specify a particular district or street name, only that it is near the train station and the Red Crescent (Hilâl-i Ahmer) hospital.",39.7765193,30.5288805
Ch9_Train_Compartment,Ankara: Polatlı,Ankara: Polatlı: Tren Kompartımanı,"In her letter, Ayşe describes evacuating the hospital during the retreat and traveling overnight in an open train car with wounded soldiers, eventually arriving in Polatlı, which is a district of Ankara.","Gece yarısından sonra açık bir vagonda yaralılarla Polatlı'ya geldim. Vagonda askerlerimle, avluda bıraktığımız dost hasbıhaline devam ettik, alçak sesle konuştuk, konuştuk.","The scene takes place on a moving train traveling from Eskişehir towards Polatlı, meaning the actual conversation occurs on the railway line between Eskişehir and Ankara provinces, with Polatlı being the final station of the mentioned journey.",39.58567,32.1417303
Ch10_Ankara_Station,Ankara: Altındağ,Ankara: Altındağ: Ankara İstasyonu,The narrator explicitly states departing from the Ankara Station (Ankara İstasyonu) at nine in the evening. Ankara Station is located in the Altındağ district of Ankara.,Ankara İstasyonu'ndan gece dokuzda hareket ettim.,"None. The text explicitly names the station, which is located in central Ankara (Altındağ).",39.9362064,32.8426798
Ch10_Gokcepinar,Ankara: Polatlı,Ankara: Polatlı: Gökçepınar Mezarlığı,"The chapter is set during the Battle of Sakarya, mentioning locations like Haymana, Toydemir, İnler, and Katrancı, which are located in the Ankara province. Gökçepınar is a village in the Polatlı district of Ankara, historically significant during this campaign.",Dün gece rüyamda sabaha kadar Gökçepınar Mezarlığı'nda dolaştım.,"The text refers to the cemetery and the village of Gökçepınar without explicitly stating 'Ankara' or 'Polatlı', but the dense references to Sakarya, Haymana, and other regional villages leave no doubt about the location.",39.58567,32.1417303
Ch10_Mill_Race,Ankara: Polatlı,Ankara: Polatlı: Değirmen Harkı,"The narrator travels by train from Ankara Station to the last station before the Garp Cephesi (Western Front) headquarters during the Battle of Sakarya. Upon disembarking, the group travels by horseback through the wilderness, passes a field hospital, and crosses a foaming mill stream (değirmen harkı) shortly before arriving at the headquarters. Historically, the headquarters at this stage of the Sakarya campaign was located in Alagöz/Malıköy, which lies within the Polatlı district of Ankara.",Biraz sonra boşluktan boşluğa akar gibi beyaz ve berrak köpüren bir değirmen harkına yaklaştık. Hayvanlar hayli delirdi. Fakat biz onu da aştık geçtik.,"The text does not explicitly name the district (Polatlı) or the exact stream, but the geographical progression from Ankara Station towards the Sakarya Front and the references to neighboring villages like İnler, Katrancı, and Toydemir confirm the location is in the Polatlı/Haymana region of Ankara.",39.58567,32.1417303
Ch10_Mobile_Hospital,Ankara: Polatlı,Ankara: Polatlı: Seyyar Hastane,"The narrator departs from Ankara Station by train to the Garp Cephesi (Western Front) during the Battle of Sakarya. On the way to the main military headquarters (historically located in Alagöz, Polatlı), the travelers pass a dome-like mobile hospital. The mentioned military coordinates and surrounding areas such as Haymana, Toydemir, Katrancı, and Polatlı locate this scene in the Polatlı/Haymana region of Ankara.",Önümüzdeki karanlık bir ağaçlık ve sırt gibi bir kümbet var. Onun seyyar hastahane olduğunu söyledikleri zaman yüreğim ağzıma geldi. ......'inci Kolordu'nun ne tarafta olduğunu sordum. Verdikleri cevaptan bu kümbet hastahanesinin Ayşe'den çok uzak olduğunu anladım.,"The exact coordinates or village name of the mobile hospital are not explicitly named in the text, but the context of the train journey from Ankara to the Sakarya front places it within the Polatlı/Haymana district borders.",39.58567,32.1417303
Ch11_Eskisehir_Station,Eskişehir: Merkez,Eskişehir: Merkez: Eskişehir İstasyonu,"The text explicitly states that the event took place the next morning at the station in Eskişehir, where Ayşe shook hands with İhsan and departed, leaving him alone in the train compartment.","Ertesi sabah Eskişehir'de istasyonda herkesin içinde elimi sıktı, gitti. Tren hemen hareket etti. Ağaçların arasından üniformasının etekleri kayboluncaya kadar pencereden sarktım. Sonra yapayalnız kompartımana düştüm.",None. The location (Eskişehir Station) is explicitly mentioned in the text.,39.7765193,30.5288805
Ch11_Polatli,Ankara: Polatlı,Ankara: Polatlı: Train Compartment,"In this chapter, İhsan recounts his journey on a train from Ankara to the western front. He meets Ayşe on the train and enters her compartment, but is forced to leave her and exit the compartment when the train arrives at Polatlı, which is a district of Ankara.",Ertesi sabah ben trenle Eskişehir'i geçip gidecektim. Polatlı'da yanından ayrılmaya mecburdum.,None. The text explicitly names Polatlı as the location of their parting on the train.,39.58567,32.1417303
Ch13_Ankara,Ankara: Cebeci,Ankara: Cebeci: Cebeci Hastahanesi,The chapter begins with two doctors walking down the road of Cebeci Hospital (Cebeci Hastahanesi) and ends with the explicitly written location 'Ankara'. Cebeci is a historical neighborhood in Ankara.,"Cebeci Hastahanesi'nin yolundan inerken iki doktor konuşuyorlardı... 15 Nisan 1338, Ankara",None. The location is explicitly and clearly defined both by the neighborhood hospital and the city name at the end.,39.9327342,32.8746726
Ch1_Galata_Bridge,İstanbul: Fatih,İstanbul: Fatih: Galata Köprüsü,"The text mentions that after drinking at a venue in Sirkeci (which is located in the modern Fatih district of Istanbul), the characters cross the Bridge ('Köprü', historically and contextually referring to the Galata Bridge) together while talking and laughing.","Löbon'u tercih etmekle beraber o da ekseri bizimle geliyor, Cemal'in sevdiği bir Sirkeci salonunda oturuyor, rakı içiyoruz. Sonra konuşarak, gülerek Köprü'yü beraber geçip gidiyoruz.","The text refers to the landmark simply as 'Köprü' (Bridge), but given the starting point of Sirkeci, this undoubtedly refers to the Galata Bridge which spans between Eminönü (Fatih) and Karaköy (Beyoğlu).",41.02,28.9734
Ch2_Osmanbey_Tram_Station,İstanbul: Şişli,İstanbul: Şişli: Osmanbey Tramvay İstasyonu,The chapter explicitly depicts the characters boarding a tram in front of Osmanbey on their way to the Sultanahmed rally. Osmanbey is a prominent neighborhood situated in the Şişli district of İstanbul.,Bunun için Osmanbey önünde tramvaya binerken kalabalık şayanı dikkatti.,"None. The context is highly specific, mentioning İstanbul landmarks such as Şişli, Ayasofya, and Sultanahmed.",41.0637891,28.9831642
Ch3_Ankara,Ankara,Ankara,"The narrator, Peyami, is physically located in Ankara, reflecting on his past days in Istanbul. The text explicitly mentions his current presence in Ankara during its cold days but does not specify a particular district or neighborhood within the city.","Şimdi Ankara'nın bu soğuk günlerinde İstanbul'daki son yazın ağır ve meşum günlerinin sıcaklığını, yorgunluğunu duyuyorum.","The chapter explicitly places the narrator in Ankara, but it lacks any clues regarding the specific district, neighborhood, or street of his current location within the city.",39.9207759,32.8540497
Ch3_Beyoglu_Tepebasi,İstanbul: Beyoğlu,İstanbul: Beyoğlu: Tepebaşı Bahçesi,"The scene explicitly mentions Tepebaşı, which is a well-known neighborhood in the Beyoğlu district of İstanbul, as they look at a lively garden filled with music while traveling.","Tepebaşı'nın önünde mızıka ile hayatla taşan bahçeyi İhsan'a gösterdim: — İstersen eve dönmeyelim; saat daha on bir, dedim.","None. The location is explicitly stated as Tepebaşı, which is historically and geographically situated in Beyoğlu, İstanbul.",41.0284233,28.9736808
Ch3_Pangalti,İstanbul: Şişli,İstanbul: Şişli: Pangaltı,"İhsan explicitly states that he will get off the tram at Pangaltı, which is a well-known neighborhood within the Şişli district of İstanbul, as they travel from Tepebaşı/the bridge area.","--- Ecnebi üniforması görmeye bu gece tahammül edemeyeceğim Peyami, Pangaltı'da ineceğim. Bazı hanım dostlara veda edeceğim, dedi.",None. The location 'Pangaltı' in İstanbul is explicitly stated by the character.,41.0637891,28.9831642
Ch4_Direklerarasi,İstanbul: Fatih,İstanbul: Fatih: Direklerarası,"The text explicitly mentions Darülfünun (the university) and Direklerarası, which are historically and geographically located in the Şehzadebaşı neighborhood of the Fatih district in Istanbul. In this scene, Ayşe walks through this area and learns about the British soldiers bayoneting the Turkish soldiers of the Tenth Division (Onuncu Fırka) in their beds.","Darülfünun'un önünden geçtim. Direklerarası'na doğru sokaklarda küçük kan izleri vardı. Bir hamala sordum. Gözleri kan içinde, bıyıklarının telleri ayağa kalkmış, etrafına bakınıyordu. Onuncu Fırka'da nöbet bekleyen neferleri İngilizler süngülemişler, içeriye girmiş, yatakta uyuyan mızıkalı neferleri de birer birer yatakta vurmuşlar.","None. Direklerarası is a highly specific, well-known historical avenue located in Şehzadebaşı, Fatih, Istanbul.",41.0142,28.9575
Ch4_Gedikpasa_Street,İstanbul: Gedikpaşa,İstanbul: Gedikpaşa: Gedikpaşa Tramvay Caddesi,"The text explicitly describes Ayşe leaving her home in Gedikpaşa due to the British occupation, walking down to the main tramway street (Gedikpaşa Tramvay Caddesi), and helping a young mother with her child to find a carriage to head towards Üsküdar.","Evden çıkınca Gedikpaşa'nın küçük sokaklarına saparak tramvay caddesine çıktım. Küçük bir evin kapısında atılmış bir beşik, kapının yanında çarşafıyla çocuğu kucağında ayakta duran bir genç kadın vardı... Kadına yardım ettim; bir araba buldum, çocuğunun ufak tefek eşyasını topladım; daima ağlıyordu.","None. The location is explicitly mentioned as Gedikpaşa, a historic neighborhood in the Fatih district of Istanbul.",41.0064,28.9644
Ch4_Harbiye_Nezareti,İstanbul: Fatih,İstanbul: Fatih: Harbiye Nezareti,"The scene takes place at the Harbiye Nezareti (the Ottoman Ministry of War), which is historically located in the Beyazıt quarter of the Fatih district in İstanbul. The text confirms this by mentioning the square in front of the Ministry ('Harbiyye Nezâreti'nin meydanında') and the nearby Darülfünun (Istanbul University).",Harbiyye Nezâreti'nin meydanında üniformalarıyla büyük küçük rütbeli bütün Nezâret zâbitanı ayakta duruyorlar. İstiklâlimizin bir nevi alemi olan Harbiyye Nezâreti kapısından İngiliz bahriyesi giriyordu.,"None. The location of the historical Harbiye Nezareti (today's Istanbul University Rectorate building in Beyazıt, Fatih) is precise and unambiguous.",41.0131,28.962
Ch4_Ihsaniye_Ferry,İstanbul: Üsküdar,İstanbul: Üsküdar: İhsaniye Ferry,"Ayşe helps a young mother whose house was seized by British soldiers. She escorts her to İhsaniye (a neighborhood in Üsküdar, Istanbul) by taking a ferry across the Bosphorus. On the ferry, they watch the British guns aimed at the city.",Kadını İhsaniye'ye kadar götürdüm. Vapurda el ele oturduk. Boğaziçi'nden İstanbul'a çevrilen toplara baktık.,,41.0265498,29.0151321
Ch4_Istanbul_Airspace,İstanbul: Fatih,İstanbul: Fatih: İstanbul Semaları,"Peyami hallucinates that he is flying in a plane over Istanbul, specifically mentioning the square of the Ministry of War (Harbiye Nezareti), which historically is located in the Beyazıt district of Fatih, Istanbul.",İçinde uzun bir yatak olan bir tayyarede müthiş bir süratle mütemadiyen İstanbul'un üstünde uçuyordum... Bir defa Harbiyye Nezâreti'nin meydanında namütenahi kımıldanan siyah insan gölgeleri arasından yine Mister Cook'un kafası yükseldi.,"The scene is a fever-induced hallucination. While the hallucinated setting is the airspace over Istanbul (specifically Fatih/Beyazıt), Peyami's physical body is actually in a sickbed at his family home, which is located in Şişli.",41.0131,28.962
Ch4_Yusuf_Pasa,İstanbul: Yusufpaşa,İstanbul: Yusufpaşa: House of the Assaulted Girls,"In her letter, Ayşe narrates her journey to the house where she gives lessons in Yusufpaşa (a neighborhood in the Fatih district of Istanbul). She describes a neighboring house that was violently raided by occupying British soldiers, where several young girls were assaulted.","O gün Yusuf Paşa'daki ders verdiğim eve kadar gittim. Sokaklar perişandı. Birçok evlerden İngiliz neferleri girip çıkıyorlardı. Benim ders verdiğim eve bitişik bir evin kapısının üstü delik deşik... Evde beş altı yalnız genç kız varmış, feci şeyler olmuş.",None. Yusufpaşa is a well-known historic neighborhood in the Fatih district of Istanbul.,41.0116,28.9482
Ch5_Anatolian_Villages,Kocaeli: Kandıra,Kocaeli: Kandıra: Kandıra Köyleri,The text explicitly states that the characters are traveling through villages on their way to Adapazarı and they meet their companions in one of the Kandıra villages ('Kandıra köylerinin birinde'). Kandıra is historically and currently a district of the Kocaeli province.,"Kandıra köylerinin birinde asıl bizimkiler, Anadolu hayatımızın arkadaşları göründü.","While the characters pass through multiple unnamed villages between Istanbul and Adapazarı, Kandıra is the explicitly named district representing this transitional rural area.",41.0703914,30.1523298
Ch6_Kandira,Kocaeli: Kandıra,Kocaeli: Kandıra: Flatland,"The scene describes Peyami and Mehmet Çavuş riding small local horses through a hot, dusty flatland flanked by mountains. In the chapter, this occurs on November 28th (28 Teşrîn-i Sânî) during their mission to Kandıra to retrieve ammunition. Kandıra is a well-known district of Kocaeli.","Mehmet Çavuş ve ben hep rahvan yürüyen yerli küçük hayvanlar üzerinde tıkır tıkır gidiyoruz. Cehennem gibi sıcak var. Ateşten bir rüzgâr bu kırçıl, sarı tabiatın üstünden tozları önümüze katmış götürüyor. Gök açık bir mavi. Yerler hiç tükenmiyor, saatler geçiyor, biz hâlâ solunda dağlar yükselen bir nevi düzlük içinde çalkana çalkana gidiyoruz.","The exact borders of the flatland they are crossing lie between Geyve (Sakarya) and Kandıra (Kocaeli). While Kandıra is explicitly named in the text as their destination, the province of Kocaeli is inferred based on geographical and historical facts.",41.0703914,30.1523298
Ch6_Mosque_Square,Kocaeli: Kandıra,Kocaeli: Kandıra: İkizce: Cami Meydanı,"The characters are traveling from Geyve to the Kandıra region to retrieve ammunition and find Yüzbaşı Saffet. They are instructed to pass İkizce to find him. On their way, they cross a Circassian village near İkizce, where they ride past a mosque situated in a large square. Both Kaymaz and İkizce are historically located in the Kandıra district of Kocaeli.",Fakat en nihayette büyücek bir meydanda duran camii geçerken bazı evlerin kapılarının açıldığını duyar gibi olduk. Ay örtüldü ve biz atlarımızı karanlığa sürdük.,"The specific Circassian village is not explicitly named in the text, but the context heavily implies it is a settlement in the immediate vicinity of İkizce and Kaymaz within the Kandıra district.",41.0703914,30.1523298
Ch6_Peyamis_House_Sisli,Sakarya: Geyve,Sakarya: Geyve: Headquarters,"The text explicitly states that the characters are in Geyve ('Şimdi ben de Geyve'de...'). The scene where Ihsan checks on Peyami's health and covers him up occurs during their time training and preparing for combat in this region, following Ayşe's departure.",Şimdi ben de Geyve'de Ayşe'nin gözlerinden uzak tehlike mümaresesi yapacağım.,"There is a contradiction between the provided Scene ID/Setting Name ('Peyami's House in Şişli') and the chapter text, which clearly places this scene in Geyve (Sakarya) after the characters have moved to Anatolia.",40.5090547,30.2902514
Ch6_Sarilar_Village,Sakarya: Geyve,Sakarya: Geyve: Sarılar Köyü,The text describes Mehmet Çavuş pointing out the willow-covered village of Sarılar (Sarılar Köyü) while they are operating in the Geyve and Kandıra regions during the War of Independence. Geyve (historically and currently in Sakarya) serves as the primary base for the characters in this chapter.,Mehmet Çavuş bana yeşil söğütlerle örülü Sarılar Köyü'nü gösteriyor.,"The characters are traveling between Geyve (Sakarya) and Kandıra (Kocaeli). While Sarılar Köyü is associated with Geyve operations in the novel, its exact historical administrative boundary during this transition period could overlap between Kocaeli and Sakarya borders.",40.5090547,30.2902514
Ch7_Dogancay_Headquarters,Sakarya: Geyve,Sakarya: Geyve: Doğançay Karargâhı,"The text explicitly mentions Doğançay and Geyve. Peyami locates İhsan's headquarters in a wooded area not far from Doğançay ('Doğançay'dan pek uzak olmayan bir ağaçlık arasında karargâhı buldum'). Historically and geographically, Doğançay is a village/station located in the Geyve district of Sakarya province.",Doğançay'dan pek uzak olmayan bir ağaçlık arasında karargâhı buldum.,None. The mention of both Doğançay and the neighboring Geyve district ('Geyve civarında bir iş sipariş etti') makes the location highly certain.,40.5090547,30.2902514
Ch7_Headquarters_Woods,Sakarya: Geyve,Sakarya: Geyve: Doğançay: Karargâh Dışındaki Ağaçlık,"The narrator states that the headquarters is situated in a wooded area not far from Doğançay ('Doğançay'dan pek uzak olmayan bir ağaçlık arasında karargâhı buldum'). Additionally, Geyve is explicitly mentioned in the text when İhsan assigns a task to Mehmet Çavuş ('Mehmet Çavuş'a Geyve civarında bir iş sipariş etti'). Geographically, Doğançay is a village/locality within the Geyve district of Sakarya province.",Doğançay'dan pek uzak olmayan bir ağaçlık arasında karargâhı buldum.,None. The geographical clues pointing to Geyve and Doğançay in Sakarya are highly specific and accurate.,40.5090547,30.2902514
Ch7_Mobile_Hospital,Sakarya: Geyve,Sakarya: Geyve: Sarılar Köyü: Ayşe'nin Hastahanesi,"The scene takes place as the narrator approaches Sarılar Village (Sarılar Köyü) and sees Ayşe's small hospital. The text establishes that Sarılar is four hours away from Doğançay, and later mentions Geyve ('Geyve civarında'). Both Doğançay and the historical village of Sarılar are situated within the Geyve district of Sakarya province.",Söğütlerin gölgesi arasından Ayşe'nin küçük hastahanesi görününce kalbim birdenbire atmaya başladı. Kabaklar dizili beyaz terasta onu beyaz gömleği ile çıkacak zannediyordum.,"The geographical connection to Sakarya's Geyve district is highly clear due to the explicit mentions of Geyve, Doğançay, and Sarılar Village. There are no major doubts about the broader region.",40.5090547,30.2902514
Ch8_Plain_Near_Town,Konya,Konya: Bilinmeyen Nahiye Merkezine Yakın Ova,"The narrator explicitly states that they are among the forces suppressing the Konya Rebellion ('Konya ihtilâlini bastıranlar arasındayız') and are near an unnamed district center whose name he cannot recall, located in an Anatolian plain.",Konya ihtilâlini bastıranlar arasındayız. İhsan kuvvetleriyle ismini hatırlayamadığım bir nahiye merkezine yakınız.,"The narrator explicitly mentions he cannot remember the name of the sub-district ('ismini hatırlayamadığım bir nahiye'), so while we know it is in the broader Konya region, the exact district or village name is not specified.",37.872734,32.4924376
Ch8_Riverbank,Konya: Sarılar,Konya: Sarılar: Irmak Kenarı,"The scene takes place near a riverbank close to a village where the military forces suppressing the Konya rebellion have camped. The text mentions being in the Konya region to suppress the rebellion, and specifically references Sarılar Köyü as the location associated with the characters in this area.",Konya ihtilâlini bastıranlar arasındayız... kendisine İhsan Bey Sarılar Köyü'nde yardım etmiş.,"The narrator explicitly notes that they cannot remember the exact name of the subdistrict center ('ismini hatırlayamadığım bir nahiye merkezine yakınız'), though Sarılar Köyü is mentioned shortly after as the specific village in the vicinity.",37.9440334,32.5054789
Ch9_Inebolu_Coast,Kastamonu: İnebolu,Kastamonu: İnebolu: İnebolu Sahili,"The narrator, Peyami, explicitly mentions traveling to İnebolu for a mission for the Ministry of National Defense (Müdâfaa-i Milliyye) and spending some time doing intelligence work on the coast ('sahil').",Ben bu aralık Müdâfaa-i Milliyye'nin bir işi için İnebolu'ya gittim. Biraz sahilde istihbaratta kaldım.,"The text explicitly names İnebolu and the coast, but does not explicitly mention the province of Kastamonu, which is inferred through geographical knowledge.",41.9785763,33.7599031
Ch9_Road_to_Hospital,Eskişehir: Merkez,Eskişehir: Merkez: Hastaneye Giden Yol,The text states that Peyami gets off the train in Eskişehir and visits the Hilâl-i Ahmer (Red Crescent) hospital where Ayşe works. They later have dinner at Madam Tadia's restaurant (historically located near the Eskişehir station) and walk Ayşe back to the hospital late at night.,"Eskişehir'e trenden inen kolu sargılı adam benim, değil mi? [...] Gece dışarıya beraber çıktık. Ayşe'yi hastahaneye üçümüz beraber bıraktık.","While Eskişehir is explicitly mentioned as the location of the train station, the hospital, and Madam Tadia's establishment, the text does not explicitly specify a modern district (such as Tepebaşı or Odunpazarı). Historically, the station and Madam Tadia's hotel were in the district corresponding to modern-day Tepebaşı in Central Eskişehir.",39.7765193,30.5288805
Ch7_Sarilar_Village,Konya: Sarılar,Konya: Sarılar Köyü,[human decision],,,37.9440334,32.5054789
